2021-01-01 00:00:00+00:00,00:00,C,London,14.82
2021-01-02 00:00:00+00:00,00:00,C,London,15.17
2021-01-03 00:00:00+00:00,00:00,C,London,14.47
2021-01-04 00:00:00+00:00,00:00,C,London,14.72
2021-01-05 00:00:00+00:00,00:00,C,London,14.74
2021-01-06 00:00:00+00:00,00:00,C,London,25.27
2021-01-07 00:00:00+00:00,00:00,C,London,18.61
2021-01-08 00:00:00+00:00,00:00,C,London,20.14
2021-01-09 00:00:00+00:00,00:00,C,London,15.48
2021-01-10 00:00:00+00:00,00:00,C,London,15.75
2021-01-11 00:00:00+00:00,00:00,C,London,15.19
2021-01-12 00:00:00+00:00,00:00,C,London,21.25
2021-01-13 00:00:00+00:00,00:00,C,London,31.98
2021-01-14 00:00:00+00:00,00:00,C,London,28.39
2021-01-15 00:00:00+00:00,00:00,C,London,26.46
2021-01-16 00:00:00+00:00,00:00,C,London,14.65
2021-01-17 00:00:00+00:00,00:00,C,London,14.63
2021-01-18 00:00:00+00:00,00:00,C,London,14.74
2021-01-19 00:00:00+00:00,00:00,C,London,14.72
2021-01-20 00:00:00+00:00,00:00,C,London,14.42
2021-01-21 00:00:00+00:00,00:00,C,London,14.31
2021-01-22 00:00:00+00:00,00:00,C,London,15.24
2021-01-23 00:00:00+00:00,00:00,C,London,15.24
2021-01-24 00:00:00+00:00,00:00,C,London,16.59
2021-01-25 00:00:00+00:00,00:00,C,London,15.0
2021-01-26 00:00:00+00:00,00:00,C,London,15.78
2021-01-27 00:00:00+00:00,00:00,C,London,15.73
2021-01-28 00:00:00+00:00,00:00,C,London,14.44
2021-01-29 00:00:00+00:00,00:00,C,London,14.52
2021-01-30 00:00:00+00:00,00:00,C,London,14.88
2021-01-31 00:00:00+00:00,00:00,C,London,14.74
2021-02-01 00:00:00+00:00,00:00,C,London,17.2
2021-02-02 00:00:00+00:00,00:00,C,London,14.34
2021-02-03 00:00:00+00:00,00:00,C,London,14.19
2021-02-04 00:00:00+00:00,00:00,C,London,14.26
2021-02-05 00:00:00+00:00,00:00,C,London,14.33
2021-02-06 00:00:00+00:00,00:00,C,London,14.37
2021-02-07 00:00:00+00:00,00:00,C,London,13.01
2021-02-08 00:00:00+00:00,00:00,C,London,13.8
2021-02-09 00:00:00+00:00,00:00,C,London,15.12
2021-02-10 00:00:00+00:00,00:00,C,London,17.51
2021-02-11 00:00:00+00:00,00:00,C,London,15.81
2021-02-12 00:00:00+00:00,00:00,C,London,14.4
2021-02-13 00:00:00+00:00,00:00,C,London,13.45
2021-02-14 00:00:00+00:00,00:00,C,London,13.15
2021-02-15 00:00:00+00:00,00:00,C,London,13.69
2021-02-16 00:00:00+00:00,00:00,C,London,13.37
2021-02-17 00:00:00+00:00,00:00,C,London,13.06
2021-02-18 00:00:00+00:00,00:00,C,London,13.0
2021-02-19 00:00:00+00:00,00:00,C,London,12.99
2021-02-20 00:00:00+00:00,00:00,C,London,12.74
2021-02-21 00:00:00+00:00,00:00,C,London,12.46
2021-02-22 00:00:00+00:00,00:00,C,London,13.99
2021-02-23 00:00:00+00:00,00:00,C,London,12.71
2021-02-24 00:00:00+00:00,00:00,C,London,12.34
2021-02-25 00:00:00+00:00,00:00,C,London,13.06
2021-02-26 00:00:00+00:00,00:00,C,London,13.84
2021-02-27 00:00:00+00:00,00:00,C,London,13.87
2021-02-28 00:00:00+00:00,00:00,C,London,14.05
2021-03-01 00:00:00+00:00,00:00,C,London,14.75
2021-03-02 00:00:00+00:00,00:00,C,London,17.65
2021-03-03 00:00:00+00:00,00:00,C,London,18.66
2021-03-04 00:00:00+00:00,00:00,C,London,14.14
2021-03-05 00:00:00+00:00,00:00,C,London,15.34
2021-03-06 00:00:00+00:00,00:00,C,London,15.1
2021-03-07 00:00:00+00:00,00:00,C,London,14.69
2021-03-08 00:00:00+00:00,00:00,C,London,16.89
2021-03-09 00:00:00+00:00,00:00,C,London,14.12
2021-03-10 00:00:00+00:00,00:00,C,London,13.72
2021-03-11 00:00:00+00:00,00:00,C,London,12.78
2021-03-12 00:00:00+00:00,00:00,C,London,13.03
2021-03-13 00:00:00+00:00,00:00,C,London,13.59
2021-03-14 00:00:00+00:00,00:00,C,London,13.09
2021-03-15 00:00:00+00:00,00:00,C,London,15.1
2021-03-16 00:00:00+00:00,00:00,C,London,14.44
2021-03-17 00:00:00+00:00,00:00,C,London,14.3
2021-03-18 00:00:00+00:00,00:00,C,London,14.15
2021-03-19 00:00:00+00:00,00:00,C,London,15.46
2021-03-20 00:00:00+00:00,00:00,C,London,14.07
2021-03-21 00:00:00+00:00,00:00,C,London,14.07
2021-03-22 00:00:00+00:00,00:00,C,London,14.5
2021-03-23 00:00:00+00:00,00:00,C,London,13.86
2021-03-24 00:00:00+00:00,00:00,C,London,13.95
2021-03-25 00:00:00+00:00,00:00,C,London,14.22
2021-03-26 00:00:00+00:00,00:00,C,London,13.44
2021-03-27 00:00:00+00:00,00:00,C,London,12.67
2021-03-28 00:00:00+00:00,00:00,C,London,10.23
2021-03-29 00:00:00+00:00,00:00,C,London,12.18
2021-03-30 00:00:00+00:00,00:00,C,London,13.64
2021-03-31 00:00:00+00:00,00:00,C,London,14.07
2021-04-01 00:00:00+00:00,00:00,C,London,14.29
2021-04-02 00:00:00+00:00,00:00,C,London,14.38
2021-04-03 00:00:00+00:00,00:00,C,London,14.35
2021-04-04 00:00:00+00:00,00:00,C,London,13.92
2021-04-05 00:00:00+00:00,00:00,C,London,11.01
2021-04-06 00:00:00+00:00,00:00,C,London,13.87
2021-04-07 00:00:00+00:00,00:00,C,London,15.07
2021-04-08 00:00:00+00:00,00:00,C,London,14.82
2021-04-09 00:00:00+00:00,00:00,C,London,15.31
2021-04-10 00:00:00+00:00,00:00,C,London,15.06
2021-04-11 00:00:00+00:00,00:00,C,London,14.95
2021-04-12 00:00:00+00:00,00:00,C,London,16.24
2021-04-13 00:00:00+00:00,00:00,C,London,20.24
2021-04-14 00:00:00+00:00,00:00,C,London,19.81
2021-04-15 00:00:00+00:00,00:00,C,London,15.99
2021-04-16 00:00:00+00:00,00:00,C,London,16.02
2021-04-17 00:00:00+00:00,00:00,C,London,15.68
2021-04-18 00:00:00+00:00,00:00,C,London,15.86
2021-04-19 00:00:00+00:00,00:00,C,London,15.9
2021-04-20 00:00:00+00:00,00:00,C,London,15.72
2021-04-21 00:00:00+00:00,00:00,C,London,14.9
2021-04-22 00:00:00+00:00,00:00,C,London,15.5
2021-04-23 00:00:00+00:00,00:00,C,London,15.49
2021-04-24 00:00:00+00:00,00:00,C,London,15.24
2021-04-25 00:00:00+00:00,00:00,C,London,14.82
2021-04-26 00:00:00+00:00,00:00,C,London,15.5
2021-04-27 00:00:00+00:00,00:00,C,London,15.36
2021-04-28 00:00:00+00:00,00:00,C,London,15.17
2021-04-29 00:00:00+00:00,00:00,C,London,15.66
2021-04-30 00:00:00+00:00,00:00,C,London,16.66
2021-05-01 00:00:00+00:00,00:00,C,London,15.92
2021-05-02 00:00:00+00:00,00:00,C,London,15.93
2021-05-03 00:00:00+00:00,00:00,C,London,15.76
2021-05-04 00:00:00+00:00,00:00,C,London,14.29
2021-05-05 00:00:00+00:00,00:00,C,London,16.51
2021-05-06 00:00:00+00:00,00:00,C,London,16.46
2021-05-07 00:00:00+00:00,00:00,C,London,17.09
2021-05-08 00:00:00+00:00,00:00,C,London,15.74
2021-05-09 00:00:00+00:00,00:00,C,London,15.25
2021-05-10 00:00:00+00:00,00:00,C,London,16.07
2021-05-11 00:00:00+00:00,00:00,C,London,16.32
2021-05-12 00:00:00+00:00,00:00,C,London,17.03
2021-05-13 00:00:00+00:00,00:00,C,London,18.02
2021-05-14 00:00:00+00:00,00:00,C,London,17.61
2021-05-15 00:00:00+00:00,00:00,C,London,16.85
2021-05-16 00:00:00+00:00,00:00,C,London,17.11
2021-05-17 00:00:00+00:00,00:00,C,London,17.32
2021-05-18 00:00:00+00:00,00:00,C,London,17.47
2021-05-19 00:00:00+00:00,00:00,C,London,17.49
2021-05-20 00:00:00+00:00,00:00,C,London,15.8
2021-05-21 00:00:00+00:00,00:00,C,London,14.34
2021-05-22 00:00:00+00:00,00:00,C,London,15.13
2021-05-23 00:00:00+00:00,00:00,C,London,16.37
2021-05-24 00:00:00+00:00,00:00,C,London,16.65
2021-05-25 00:00:00+00:00,00:00,C,London,16.17
2021-05-26 00:00:00+00:00,00:00,C,London,16.7
2021-05-27 00:00:00+00:00,00:00,C,London,17.57
2021-05-28 00:00:00+00:00,00:00,C,London,17.67
2021-05-29 00:00:00+00:00,00:00,C,London,16.71
2021-05-30 00:00:00+00:00,00:00,C,London,15.9
2021-05-31 00:00:00+00:00,00:00,C,London,16.09
2021-06-01 00:00:00+00:00,00:00,C,London,15.99
2021-06-02 00:00:00+00:00,00:00,C,London,16.18
2021-06-03 00:00:00+00:00,00:00,C,London,16.09
2021-06-04 00:00:00+00:00,00:00,C,London,16.32
2021-06-05 00:00:00+00:00,00:00,C,London,16.04
2021-06-06 00:00:00+00:00,00:00,C,London,16.27
2021-06-07 00:00:00+00:00,00:00,C,London,16.31
2021-06-08 00:00:00+00:00,00:00,C,London,15.88
2021-06-09 00:00:00+00:00,00:00,C,London,16.09
2021-06-10 00:00:00+00:00,00:00,C,London,16.01
2021-06-11 00:00:00+00:00,00:00,C,London,15.96
2021-06-12 00:00:00+00:00,00:00,C,London,16.51
2021-06-13 00:00:00+00:00,00:00,C,London,16.53
2021-06-14 00:00:00+00:00,00:00,C,London,16.56
2021-06-15 00:00:00+00:00,00:00,C,London,16.96
2021-06-16 00:00:00+00:00,00:00,C,London,17.31
2021-06-17 00:00:00+00:00,00:00,C,London,17.23
2021-06-18 00:00:00+00:00,00:00,C,London,16.83
2021-06-19 00:00:00+00:00,00:00,C,London,16.96
2021-06-20 00:00:00+00:00,00:00,C,London,17.51
2021-06-21 00:00:00+00:00,00:00,C,London,17.13
2021-06-22 00:00:00+00:00,00:00,C,London,17.38
2021-06-23 00:00:00+00:00,00:00,C,London,18.01
2021-06-24 00:00:00+00:00,00:00,C,London,17.59
2021-06-25 00:00:00+00:00,00:00,C,London,17.32
2021-06-26 00:00:00+00:00,00:00,C,London,18.23
2021-06-27 00:00:00+00:00,00:00,C,London,17.82
2021-06-28 00:00:00+00:00,00:00,C,London,18.23
2021-06-29 00:00:00+00:00,00:00,C,London,18.13
2021-06-30 00:00:00+00:00,00:00,C,London,17.98
2021-07-01 00:00:00+00:00,00:00,C,London,18.35
2021-07-02 00:00:00+00:00,00:00,C,London,19.3
2021-07-03 00:00:00+00:00,00:00,C,London,18.62
2021-07-04 00:00:00+00:00,00:00,C,London,18.31
2021-07-05 00:00:00+00:00,00:00,C,London,18.45
2021-07-06 00:00:00+00:00,00:00,C,London,18.76
2021-07-07 00:00:00+00:00,00:00,C,London,18.87
2021-07-08 00:00:00+00:00,00:00,C,London,18.89
2021-07-09 00:00:00+00:00,00:00,C,London,18.57
2021-07-10 00:00:00+00:00,00:00,C,London,19.07
2021-07-11 00:00:00+00:00,00:00,C,London,18.6
2021-07-12 00:00:00+00:00,00:00,C,London,19.72
2021-07-13 00:00:00+00:00,00:00,C,London,18.6
2021-07-14 00:00:00+00:00,00:00,C,London,17.81
2021-07-15 00:00:00+00:00,00:00,C,London,18.05
2021-07-16 00:00:00+00:00,00:00,C,London,17.55
2021-07-17 00:00:00+00:00,00:00,C,London,17.85
2021-07-18 00:00:00+00:00,00:00,C,London,18.06
2021-07-19 00:00:00+00:00,00:00,C,London,18.71
2021-07-20 00:00:00+00:00,00:00,C,London,18.98
2021-07-21 00:00:00+00:00,00:00,C,London,19.45
2021-07-22 00:00:00+00:00,00:00,C,London,19.57
2021-07-23 00:00:00+00:00,00:00,C,London,18.66
2021-07-24 00:00:00+00:00,00:00,C,London,18.88
2021-07-25 00:00:00+00:00,00:00,C,London,19.28
2021-07-26 00:00:00+00:00,00:00,C,London,20.58
2021-07-27 00:00:00+00:00,00:00,C,London,20.22
2021-07-28 00:00:00+00:00,00:00,C,London,18.68
2021-07-29 00:00:00+00:00,00:00,C,London,18.0
2021-07-30 00:00:00+00:00,00:00,C,London,19.41
2021-07-31 00:00:00+00:00,00:00,C,London,19.65
2021-08-01 00:00:00+00:00,00:00,C,London,19.69
2021-08-02 00:00:00+00:00,00:00,C,London,22.02
2021-08-03 00:00:00+00:00,00:00,C,London,20.91
2021-08-04 00:00:00+00:00,00:00,C,London,20.24
2021-08-05 00:00:00+00:00,00:00,C,London,19.47
2021-08-06 00:00:00+00:00,00:00,C,London,19.41
2021-08-07 00:00:00+00:00,00:00,C,London,19.19
2021-08-08 00:00:00+00:00,00:00,C,London,17.79
2021-08-09 00:00:00+00:00,00:00,C,London,20.31
2021-08-10 00:00:00+00:00,00:00,C,London,20.65
2021-08-11 00:00:00+00:00,00:00,C,London,20.54
2021-08-12 00:00:00+00:00,00:00,C,London,20.05
2021-08-13 00:00:00+00:00,00:00,C,London,19.72
2021-08-14 00:00:00+00:00,00:00,C,London,19.97
2021-08-15 00:00:00+00:00,00:00,C,London,20.28
2021-08-16 00:00:00+00:00,00:00,C,London,18.55
2021-08-17 00:00:00+00:00,00:00,C,London,20.55
2021-08-18 00:00:00+00:00,00:00,C,London,21.23
2021-08-19 00:00:00+00:00,00:00,C,London,23.34
2021-08-20 00:00:00+00:00,00:00,C,London,21.42
2021-08-21 00:00:00+00:00,00:00,C,London,20.25
2021-08-22 00:00:00+00:00,00:00,C,London,20.45
2021-08-23 00:00:00+00:00,00:00,C,London,20.65
2021-08-24 00:00:00+00:00,00:00,C,London,21.95
2021-08-25 00:00:00+00:00,00:00,C,London,21.0
2021-08-26 00:00:00+00:00,00:00,C,London,20.49
2021-08-27 00:00:00+00:00,00:00,C,London,21.04
2021-08-28 00:00:00+00:00,00:00,C,London,20.84
2021-08-29 00:00:00+00:00,00:00,C,London,20.81
2021-08-30 00:00:00+00:00,00:00,C,London,20.93
2021-08-31 00:00:00+00:00,00:00,C,London,21.38
2021-09-01 00:00:00+00:00,00:00,C,London,22.75
2021-09-02 00:00:00+00:00,00:00,C,London,24.76
2021-09-03 00:00:00+00:00,00:00,C,London,27.5
2021-09-04 00:00:00+00:00,00:00,C,London,22.82
2021-09-05 00:00:00+00:00,00:00,C,London,22.75
2021-09-06 00:00:00+00:00,00:00,C,London,34.58
2021-09-07 00:00:00+00:00,00:00,C,London,30.55
2021-09-08 00:00:00+00:00,00:00,C,London,23.53
2021-09-09 00:00:00+00:00,00:00,C,London,41.8
2021-09-10 00:00:00+00:00,00:00,C,London,38.13
2021-09-11 00:00:00+00:00,00:00,C,London,23.17
2021-09-12 00:00:00+00:00,00:00,C,London,27.27
2021-09-13 00:00:00+00:00,00:00,C,London,33.13
2021-09-14 00:00:00+00:00,00:00,C,London,51.41
2021-09-15 00:00:00+00:00,00:00,C,London,60.23
2021-09-16 00:00:00+00:00,00:00,C,London,59.01
2021-09-17 00:00:00+00:00,00:00,C,London,27.16
2021-09-18 00:00:00+00:00,00:00,C,London,26.76
2021-09-19 00:00:00+00:00,00:00,C,London,26.68
2021-09-20 00:00:00+00:00,00:00,C,London,36.83
2021-09-21 00:00:00+00:00,00:00,C,London,27.52
2021-09-22 00:00:00+00:00,00:00,C,London,27.15
2021-09-23 00:00:00+00:00,00:00,C,London,25.76
2021-09-24 00:00:00+00:00,00:00,C,London,25.47
2021-09-25 00:00:00+00:00,00:00,C,London,26.43
2021-09-26 00:00:00+00:00,00:00,C,London,24.6
2021-09-27 00:00:00+00:00,00:00,C,London,24.64
2021-09-28 00:00:00+00:00,00:00,C,London,26.11
2021-09-29 00:00:00+00:00,00:00,C,London,27.14
2021-09-30 00:00:00+00:00,00:00,C,London,27.64
2021-10-01 00:00:00+00:00,00:00,C,London,27.43
2021-10-02 00:00:00+00:00,00:00,C,London,29.95
2021-10-03 00:00:00+00:00,00:00,C,London,25.4
2021-10-04 00:00:00+00:00,00:00,C,London,29.31
2021-10-05 00:00:00+00:00,00:00,C,London,29.81
2021-10-06 00:00:00+00:00,00:00,C,London,31.94
2021-10-07 00:00:00+00:00,00:00,C,London,41.2
2021-10-08 00:00:00+00:00,00:00,C,London,33.49
2021-10-09 00:00:00+00:00,00:00,C,London,32.29
2021-10-10 00:00:00+00:00,00:00,C,London,28.37
2021-10-11 00:00:00+00:00,00:00,C,London,30.36
2021-10-12 00:00:00+00:00,00:00,C,London,34.02
2021-10-13 00:00:00+00:00,00:00,C,London,30.37
2021-10-14 00:00:00+00:00,00:00,C,London,29.76
2021-10-15 00:00:00+00:00,00:00,C,London,44.47
2021-10-16 00:00:00+00:00,00:00,C,London,32.59
2021-10-17 00:00:00+00:00,00:00,C,London,30.0
2021-10-18 00:00:00+00:00,00:00,C,London,30.55
2021-10-19 00:00:00+00:00,00:00,C,London,29.36
2021-10-20 00:00:00+00:00,00:00,C,London,24.91
2021-10-21 00:00:00+00:00,00:00,C,London,24.54
2021-10-22 00:00:00+00:00,00:00,C,London,28.28
2021-10-23 00:00:00+00:00,00:00,C,London,29.62
2021-10-24 00:00:00+00:00,00:00,C,London,25.79
2021-10-25 00:00:00+00:00,00:00,C,London,29.48
2021-10-26 00:00:00+00:00,00:00,C,London,29.77
2021-10-27 00:00:00+00:00,00:00,C,London,26.1
2021-10-28 00:00:00+00:00,00:00,C,London,28.01
2021-10-29 00:00:00+00:00,00:00,C,London,27.61
2021-10-30 00:00:00+00:00,00:00,C,London,23.55
2021-10-31 00:00:00+00:00,00:00,C,London,18.27
2021-11-01 00:00:00+00:00,00:00,C,London,20.19
2021-11-02 00:00:00+00:00,00:00,C,London,38.21
2021-11-03 00:00:00+00:00,00:00,C,London,27.12
2021-11-04 00:00:00+00:00,00:00,C,London,26.9
2021-11-05 00:00:00+00:00,00:00,C,London,27.99
2021-11-06 00:00:00+00:00,00:00,C,London,25.3
2021-11-07 00:00:00+00:00,00:00,C,London,18.67
2021-11-08 00:00:00+00:00,00:00,C,London,27.3
2021-11-09 00:00:00+00:00,00:00,C,London,27.67
2021-11-10 00:00:00+00:00,00:00,C,London,31.38
2021-11-11 00:00:00+00:00,00:00,C,London,26.13
2021-11-12 00:00:00+00:00,00:00,C,London,25.14
2021-11-13 00:00:00+00:00,00:00,C,London,26.75
2021-11-14 00:00:00+00:00,00:00,C,London,26.29
2021-11-15 00:00:00+00:00,00:00,C,London,45.61
2021-11-16 00:00:00+00:00,00:00,C,London,29.01
2021-11-17 00:00:00+00:00,00:00,C,London,29.23
2021-11-18 00:00:00+00:00,00:00,C,London,31.13
2021-11-19 00:00:00+00:00,00:00,C,London,30.61
2021-11-20 00:00:00+00:00,00:00,C,London,30.08
2021-11-21 00:00:00+00:00,00:00,C,London,28.59
2021-11-22 00:00:00+00:00,00:00,C,London,32.15
2021-11-23 00:00:00+00:00,00:00,C,London,39.96
2021-11-24 00:00:00+00:00,00:00,C,London,37.55
2021-11-25 00:00:00+00:00,00:00,C,London,32.97
2021-11-26 00:00:00+00:00,00:00,C,London,31.1
2021-11-27 00:00:00+00:00,00:00,C,London,31.82
2021-11-28 00:00:00+00:00,00:00,C,London,31.08
2021-11-29 00:00:00+00:00,00:00,C,London,38.69
2021-11-30 00:00:00+00:00,00:00,C,London,33.26
2021-12-01 00:00:00+00:00,00:00,C,London,32.59
2021-12-02 00:00:00+00:00,00:00,C,London,36.59
2021-12-03 00:00:00+00:00,00:00,C,London,39.54
2021-12-04 00:00:00+00:00,00:00,C,London,31.68
2021-12-05 00:00:00+00:00,00:00,C,London,31.59
2021-12-06 00:00:00+00:00,00:00,C,London,32.83
2021-12-07 00:00:00+00:00,00:00,C,London,31.79
2021-12-08 00:00:00+00:00,00:00,C,London,32.5
2021-12-09 00:00:00+00:00,00:00,C,London,37.41
2021-12-10 00:00:00+00:00,00:00,C,London,34.18
2021-12-11 00:00:00+00:00,00:00,C,London,33.85
2021-12-12 00:00:00+00:00,00:00,C,London,34.27
2021-12-13 00:00:00+00:00,00:00,C,London,36.06
2021-12-14 00:00:00+00:00,00:00,C,London,39.43
2021-12-15 00:00:00+00:00,00:00,C,London,40.07
2021-12-16 00:00:00+00:00,00:00,C,London,58.6
2021-12-17 00:00:00+00:00,00:00,C,London,58.05
2021-12-18 00:00:00+00:00,00:00,C,London,43.21
2021-12-19 00:00:00+00:00,00:00,C,London,42.12
2021-12-20 00:00:00+00:00,00:00,C,London,51.3
2021-12-21 00:00:00+00:00,00:00,C,London,57.17
2021-12-22 00:00:00+00:00,00:00,C,London,50.57
2021-12-23 00:00:00+00:00,00:00,C,London,48.66
2021-12-24 00:00:00+00:00,00:00,C,London,45.01
2021-12-25 00:00:00+00:00,00:00,C,London,30.22
2021-12-26 00:00:00+00:00,00:00,C,London,26.74
2021-12-27 00:00:00+00:00,00:00,C,London,30.27
2021-12-28 00:00:00+00:00,00:00,C,London,29.44
2021-12-29 00:00:00+00:00,00:00,C,London,29.98
2021-12-30 00:00:00+00:00,00:00,C,London,21.66
2021-12-31 00:00:00+00:00,00:00,C,London,22.14
2022-01-01 00:00:00+00:00,00:00,C,London,15.82
2022-01-02 00:00:00+00:00,00:00,C,London,14.16
2022-01-03 00:00:00+00:00,00:00,C,London,15.62
2022-01-04 00:00:00+00:00,00:00,C,London,24.14
2022-01-05 00:00:00+00:00,00:00,C,London,28.01
2022-01-06 00:00:00+00:00,00:00,C,London,31.88
2022-01-07 00:00:00+00:00,00:00,C,London,31.34
2022-01-08 00:00:00+00:00,00:00,C,London,31.18
2022-01-09 00:00:00+00:00,00:00,C,London,27.82
2022-01-10 00:00:00+00:00,00:00,C,London,32.05
2022-01-11 00:00:00+00:00,00:00,C,London,33.34
2022-01-12 00:00:00+00:00,00:00,C,London,31.25
2022-01-13 00:00:00+00:00,00:00,C,London,30.81
2022-01-14 00:00:00+00:00,00:00,C,London,46.08
2022-01-15 00:00:00+00:00,00:00,C,London,31.69
2022-01-16 00:00:00+00:00,00:00,C,London,29.35
2022-01-17 00:00:00+00:00,00:00,C,London,41.44
2022-01-18 00:00:00+00:00,00:00,C,London,31.87
2022-01-19 00:00:00+00:00,00:00,C,London,28.62
2022-01-20 00:00:00+00:00,00:00,C,London,29.89
2022-01-21 00:00:00+00:00,00:00,C,London,29.24
2022-01-22 00:00:00+00:00,00:00,C,London,28.19
2022-01-23 00:00:00+00:00,00:00,C,London,28.58
2022-01-24 00:00:00+00:00,00:00,C,London,42.69
2022-01-25 00:00:00+00:00,00:00,C,London,35.46
2022-01-26 00:00:00+00:00,00:00,C,London,31.44
2022-01-27 00:00:00+00:00,00:00,C,London,30.32
2022-01-28 00:00:00+00:00,00:00,C,London,31.28
2022-01-29 00:00:00+00:00,00:00,C,London,25.96
2022-01-30 00:00:00+00:00,00:00,C,London,31.33
2022-01-31 00:00:00+00:00,00:00,C,London,28.73
2022-02-01 00:00:00+00:00,00:00,C,London,28.95
2022-02-02 00:00:00+00:00,00:00,C,London,28.91
2022-02-03 00:00:00+00:00,00:00,C,London,27.57
2022-02-04 00:00:00+00:00,00:00,C,London,27.02
2022-02-05 00:00:00+00:00,00:00,C,London,27.01
2022-02-06 00:00:00+00:00,00:00,C,London,23.03
2022-02-07 00:00:00+00:00,00:00,C,London,29.24
2022-02-08 00:00:00+00:00,00:00,C,London,26.9
2022-02-09 00:00:00+00:00,00:00,C,London,27.91
2022-02-10 00:00:00+00:00,00:00,C,London,27.87
2022-02-11 00:00:00+00:00,00:00,C,London,28.48
2022-02-12 00:00:00+00:00,00:00,C,London,26.37
2022-02-13 00:00:00+00:00,00:00,C,London,27.34
2022-02-14 00:00:00+00:00,00:00,C,London,28.0
2022-02-15 00:00:00+00:00,00:00,C,London,28.16
2022-02-16 00:00:00+00:00,00:00,C,London,26.01
2022-02-17 00:00:00+00:00,00:00,C,London,22.03
2022-02-18 00:00:00+00:00,00:00,C,London,26.89
2022-02-19 00:00:00+00:00,00:00,C,London,24.69
2022-02-20 00:00:00+00:00,00:00,C,London,21.62
2022-02-21 00:00:00+00:00,00:00,C,London,25.06
2022-02-22 00:00:00+00:00,00:00,C,London,26.28
2022-02-23 00:00:00+00:00,00:00,C,London,27.21
2022-02-24 00:00:00+00:00,00:00,C,London,27.35
2022-02-25 00:00:00+00:00,00:00,C,London,34.15
2022-02-26 00:00:00+00:00,00:00,C,London,32.46
2022-02-27 00:00:00+00:00,00:00,C,London,29.6
2022-02-28 00:00:00+00:00,00:00,C,London,30.51
2022-03-01 00:00:00+00:00,00:00,C,London,37.19
2022-03-02 00:00:00+00:00,00:00,C,London,34.65
2022-03-03 00:00:00+00:00,00:00,C,London,45.23
2022-03-04 00:00:00+00:00,00:00,C,London,51.53
2022-03-05 00:00:00+00:00,00:00,C,London,47.02
2022-03-06 00:00:00+00:00,00:00,C,London,52.95
2022-03-07 00:00:00+00:00,00:00,C,London,53.76
2022-03-08 00:00:00+00:00,00:00,C,London,56.66
2022-03-09 00:00:00+00:00,00:00,C,London,56.36
2022-03-10 00:00:00+00:00,00:00,C,London,45.51
2022-03-11 00:00:00+00:00,00:00,C,London,37.32
2022-03-12 00:00:00+00:00,00:00,C,London,33.04
2022-03-13 00:00:00+00:00,00:00,C,London,29.43
2022-03-14 00:00:00+00:00,00:00,C,London,36.85
2022-03-15 00:00:00+00:00,00:00,C,London,36.71
2022-03-16 00:00:00+00:00,00:00,C,London,39.53
2022-03-17 00:00:00+00:00,00:00,C,London,34.43
2022-03-18 00:00:00+00:00,00:00,C,London,32.39
2022-03-19 00:00:00+00:00,00:00,C,London,30.89
2022-03-20 00:00:00+00:00,00:00,C,London,29.9
2022-03-21 00:00:00+00:00,00:00,C,London,31.46
2022-03-22 00:00:00+00:00,00:00,C,London,31.89
2022-03-23 00:00:00+00:00,00:00,C,London,32.07
2022-03-24 00:00:00+00:00,00:00,C,London,33.62
2022-03-25 00:00:00+00:00,00:00,C,London,36.07
2022-03-26 00:00:00+00:00,00:00,C,London,32.3
2022-03-27 00:00:00+00:00,00:00,C,London,32.08
2022-03-28 00:00:00+00:00,00:00,C,London,32.95
2022-03-29 00:00:00+00:00,00:00,C,London,33.81
2022-03-30 00:00:00+00:00,00:00,C,London,36.46
2022-03-31 00:00:00+00:00,00:00,C,London,37.39
2022-04-01 00:00:00+00:00,00:00,C,London,38.21
2022-04-02 00:00:00+00:00,00:00,C,London,39.51
2022-04-03 00:00:00+00:00,00:00,C,London,35.58
2022-04-04 00:00:00+00:00,00:00,C,London,30.74
2022-04-05 00:00:00+00:00,00:00,C,London,33.1
2022-04-06 00:00:00+00:00,00:00,C,London,29.6
2022-04-07 00:00:00+00:00,00:00,C,London,29.88
2022-04-08 00:00:00+00:00,00:00,C,London,32.54
2022-04-09 00:00:00+00:00,00:00,C,London,32.36
2022-04-10 00:00:00+00:00,00:00,C,London,32.79
2022-04-11 00:00:00+00:00,00:00,C,London,32.13
2022-04-12 00:00:00+00:00,00:00,C,London,31.56
2022-04-13 00:00:00+00:00,00:00,C,London,30.9
2022-04-14 00:00:00+00:00,00:00,C,London,30.7
2022-04-15 00:00:00+00:00,00:00,C,London,27.28
2022-04-16 00:00:00+00:00,00:00,C,London,23.1
2022-04-17 00:00:00+00:00,00:00,C,London,20.48
2022-04-18 00:00:00+00:00,00:00,C,London,21.22
2022-04-19 00:00:00+00:00,00:00,C,London,26.77
2022-04-20 00:00:00+00:00,00:00,C,London,27.45
2022-04-21 00:00:00+00:00,00:00,C,London,26.4
2022-04-22 00:00:00+00:00,00:00,C,London,25.06
2022-04-23 00:00:00+00:00,00:00,C,London,22.9
2022-04-24 00:00:00+00:00,00:00,C,London,24.63
2022-04-25 00:00:00+00:00,00:00,C,London,28.82
2022-04-26 00:00:00+00:00,00:00,C,London,28.55
2022-04-27 00:00:00+00:00,00:00,C,London,29.56
2022-04-28 00:00:00+00:00,00:00,C,London,30.29
2022-04-29 00:00:00+00:00,00:00,C,London,29.93
2022-04-30 00:00:00+00:00,00:00,C,London,24.99
2022-05-01 00:00:00+00:00,00:00,C,London,23.18
2022-05-02 00:00:00+00:00,00:00,C,London,26.01
2022-05-03 00:00:00+00:00,00:00,C,London,28.45
2022-05-04 00:00:00+00:00,00:00,C,London,27.93
2022-05-05 00:00:00+00:00,00:00,C,London,27.42
2022-05-06 00:00:00+00:00,00:00,C,London,24.73
2022-05-07 00:00:00+00:00,00:00,C,London,23.95
2022-05-08 00:00:00+00:00,00:00,C,London,24.31
2022-05-09 00:00:00+00:00,00:00,C,London,20.68
2022-05-10 00:00:00+00:00,00:00,C,London,17.76
2022-05-11 00:00:00+00:00,00:00,C,London,15.03
2022-05-12 00:00:00+00:00,00:00,C,London,16.71
2022-05-13 00:00:00+00:00,00:00,C,London,17.45
2022-05-14 00:00:00+00:00,00:00,C,London,20.0
2022-05-15 00:00:00+00:00,00:00,C,London,19.61
2022-05-16 00:00:00+00:00,00:00,C,London,21.38
2022-05-17 00:00:00+00:00,00:00,C,London,22.18
2022-05-18 00:00:00+00:00,00:00,C,London,22.31
2022-05-19 00:00:00+00:00,00:00,C,London,22.11
2022-05-20 00:00:00+00:00,00:00,C,London,22.0
2022-05-21 00:00:00+00:00,00:00,C,London,20.07
2022-05-22 00:00:00+00:00,00:00,C,London,21.51
2022-05-23 00:00:00+00:00,00:00,C,London,26.91
2022-05-24 00:00:00+00:00,00:00,C,London,24.05
2022-05-25 00:00:00+00:00,00:00,C,London,22.3
2022-05-26 00:00:00+00:00,00:00,C,London,21.49
2022-05-27 00:00:00+00:00,00:00,C,London,19.75
2022-05-28 00:00:00+00:00,00:00,C,London,21.73
2022-05-29 00:00:00+00:00,00:00,C,London,25.48
2022-05-30 00:00:00+00:00,00:00,C,London,29.67
2022-05-31 00:00:00+00:00,00:00,C,London,28.65
2022-06-01 00:00:00+00:00,00:00,C,London,28.16
2022-06-02 00:00:00+00:00,00:00,C,London,25.7
2022-06-03 00:00:00+00:00,00:00,C,London,22.07
2022-06-04 00:00:00+00:00,00:00,C,London,23.26
2022-06-05 00:00:00+00:00,00:00,C,London,22.83
2022-06-06 00:00:00+00:00,00:00,C,London,24.1
2022-06-07 00:00:00+00:00,00:00,C,London,26.86
2022-06-08 00:00:00+00:00,00:00,C,London,23.73
2022-06-09 00:00:00+00:00,00:00,C,London,21.89
2022-06-10 00:00:00+00:00,00:00,C,London,20.29
2022-06-11 00:00:00+00:00,00:00,C,London,13.0
2022-06-12 00:00:00+00:00,00:00,C,London,20.59
2022-06-13 00:00:00+00:00,00:00,C,London,25.17
2022-06-14 00:00:00+00:00,00:00,C,London,26.94
2022-06-15 00:00:00+00:00,00:00,C,London,28.22
2022-06-16 00:00:00+00:00,00:00,C,London,29.69
2022-06-17 00:00:00+00:00,00:00,C,London,32.21
2022-06-18 00:00:00+00:00,00:00,C,London,25.68
2022-06-19 00:00:00+00:00,00:00,C,London,26.03
2022-06-20 00:00:00+00:00,00:00,C,London,30.0
2022-06-21 00:00:00+00:00,00:00,C,London,34.98
2022-06-22 00:00:00+00:00,00:00,C,London,33.36
2022-06-23 00:00:00+00:00,00:00,C,London,35.72
2022-06-24 00:00:00+00:00,00:00,C,London,30.04
2022-06-25 00:00:00+00:00,00:00,C,London,26.34
2022-06-26 00:00:00+00:00,00:00,C,London,24.39
2022-06-27 00:00:00+00:00,00:00,C,London,29.64
2022-06-28 00:00:00+00:00,00:00,C,London,25.9
2022-06-29 00:00:00+00:00,00:00,C,London,34.29
2022-06-30 00:00:00+00:00,00:00,C,London,41.31
2022-07-01 00:00:00+00:00,00:00,C,London,34.38
2022-07-02 00:00:00+00:00,00:00,C,London,27.35
2022-07-03 00:00:00+00:00,00:00,C,London,28.74
2022-07-04 00:00:00+00:00,00:00,C,London,28.42
2022-07-05 00:00:00+00:00,00:00,C,London,34.63
2022-07-06 00:00:00+00:00,00:00,C,London,35.47
2022-07-07 00:00:00+00:00,00:00,C,London,31.25
2022-07-08 00:00:00+00:00,00:00,C,London,35.71
2022-07-09 00:00:00+00:00,00:00,C,London,31.88
2022-07-10 00:00:00+00:00,00:00,C,London,30.68
2022-07-11 00:00:00+00:00,00:00,C,London,41.02
2022-07-12 00:00:00+00:00,00:00,C,London,36.27
2022-07-13 00:00:00+00:00,00:00,C,London,40.24
2022-07-14 00:00:00+00:00,00:00,C,London,45.24
2022-07-15 00:00:00+00:00,00:00,C,London,39.13
2022-07-16 00:00:00+00:00,00:00,C,London,32.2
2022-07-17 00:00:00+00:00,00:00,C,London,29.89
2022-07-18 00:00:00+00:00,00:00,C,London,48.78
2022-07-19 00:00:00+00:00,00:00,C,London,37.25
2022-07-20 00:00:00+00:00,00:00,C,London,38.74
2022-07-21 00:00:00+00:00,00:00,C,London,41.85
2022-07-22 00:00:00+00:00,00:00,C,London,43.04
2022-07-23 00:00:00+00:00,00:00,C,London,38.22
2022-07-24 00:00:00+00:00,00:00,C,London,34.97
2022-07-25 00:00:00+00:00,00:00,C,London,35.9
2022-07-26 00:00:00+00:00,00:00,C,London,39.35
2022-07-27 00:00:00+00:00,00:00,C,London,46.08
2022-07-28 00:00:00+00:00,00:00,C,London,48.03
2022-07-29 00:00:00+00:00,00:00,C,London,46.6
2022-07-30 00:00:00+00:00,00:00,C,London,41.09
2022-07-31 00:00:00+00:00,00:00,C,London,39.5
2022-08-01 00:00:00+00:00,00:00,C,London,44.5
2022-08-02 00:00:00+00:00,00:00,C,London,36.15
2022-08-03 00:00:00+00:00,00:00,C,London,37.86
2022-08-04 00:00:00+00:00,00:00,C,London,39.86
2022-08-05 00:00:00+00:00,00:00,C,London,41.86
2022-08-06 00:00:00+00:00,00:00,C,London,39.0
2022-08-07 00:00:00+00:00,00:00,C,London,35.86
2022-08-08 00:00:00+00:00,00:00,C,London,42.05
2022-08-09 00:00:00+00:00,00:00,C,London,42.96
2022-08-10 00:00:00+00:00,00:00,C,London,41.32
2022-08-11 00:00:00+00:00,00:00,C,London,43.14
2022-08-12 00:00:00+00:00,00:00,C,London,49.17
2022-08-13 00:00:00+00:00,00:00,C,London,46.04
2022-08-14 00:00:00+00:00,00:00,C,London,45.56
2022-08-15 00:00:00+00:00,00:00,C,London,50.7
2022-08-16 00:00:00+00:00,00:00,C,London,53.74
2022-08-17 00:00:00+00:00,00:00,C,London,58.23
2022-08-18 00:00:00+00:00,00:00,C,London,57.79
2022-08-19 00:00:00+00:00,00:00,C,London,55.14
2022-08-20 00:00:00+00:00,00:00,C,London,47.45
2022-08-21 00:00:00+00:00,00:00,C,London,50.45
2022-08-22 00:00:00+00:00,00:00,C,London,69.66
2022-08-23 00:00:00+00:00,00:00,C,London,74.6
2022-08-24 00:00:00+00:00,00:00,C,London,72.95
2022-08-25 00:00:00+00:00,00:00,C,London,70.25
2022-08-26 00:00:00+00:00,00:00,C,London,78.55
2022-08-27 00:00:00+00:00,00:00,C,London,66.27
2022-08-28 00:00:00+00:00,00:00,C,London,62.85
2022-08-29 00:00:00+00:00,00:00,C,London,70.92
2022-08-30 00:00:00+00:00,00:00,C,London,72.32
2022-08-31 00:00:00+00:00,00:00,C,London,59.22
2022-09-01 00:00:00+00:00,00:00,C,London,57.46
2022-09-02 00:00:00+00:00,00:00,C,London,47.0
2022-09-03 00:00:00+00:00,00:00,C,London,39.53
2022-09-04 00:00:00+00:00,00:00,C,London,36.8
2022-09-05 00:00:00+00:00,00:00,C,London,42.44
2022-09-06 00:00:00+00:00,00:00,C,London,47.68
2022-09-07 00:00:00+00:00,00:00,C,London,42.8
2022-09-08 00:00:00+00:00,00:00,C,London,40.55
2022-09-09 00:00:00+00:00,00:00,C,London,42.51
2022-09-10 00:00:00+00:00,00:00,C,London,46.37
2022-09-11 00:00:00+00:00,00:00,C,London,47.64
2022-09-12 00:00:00+00:00,00:00,C,London,48.31
2022-09-13 00:00:00+00:00,00:00,C,London,50.77
2022-09-14 00:00:00+00:00,00:00,C,London,49.27
2022-09-15 00:00:00+00:00,00:00,C,London,45.98
2022-09-16 00:00:00+00:00,00:00,C,London,43.23
2022-09-17 00:00:00+00:00,00:00,C,London,33.49
2022-09-18 00:00:00+00:00,00:00,C,London,32.62
2022-09-19 00:00:00+00:00,00:00,C,London,36.7
2022-09-20 00:00:00+00:00,00:00,C,London,47.48
2022-09-21 00:00:00+00:00,00:00,C,London,36.68
2022-09-22 00:00:00+00:00,00:00,C,London,37.79
2022-09-23 00:00:00+00:00,00:00,C,London,39.28
2022-09-24 00:00:00+00:00,00:00,C,London,37.02
2022-09-25 00:00:00+00:00,00:00,C,London,32.09
2022-09-26 00:00:00+00:00,00:00,C,London,29.28
2022-09-27 00:00:00+00:00,00:00,C,London,30.85
2022-09-28 00:00:00+00:00,00:00,C,London,33.91
2022-09-29 00:00:00+00:00,00:00,C,London,43.56
2022-09-30 00:00:00+00:00,00:00,C,London,30.33
2022-10-01 00:00:00+00:00,00:00,C,London,19.8
2022-10-02 00:00:00+00:00,00:00,C,London,28.38
2022-10-03 00:00:00+00:00,00:00,C,London,33.82
2022-10-04 00:00:00+00:00,00:00,C,London,27.8
2022-10-05 00:00:00+00:00,00:00,C,London,21.76
2022-10-06 00:00:00+00:00,00:00,C,London,16.74
2022-10-07 00:00:00+00:00,00:00,C,London,20.56
2022-10-08 00:00:00+00:00,00:00,C,London,26.23
2022-10-09 00:00:00+00:00,00:00,C,London,22.07
2022-10-10 00:00:00+00:00,00:00,C,London,25.01
2022-10-11 00:00:00+00:00,00:00,C,London,30.55
2022-10-12 00:00:00+00:00,00:00,C,London,28.18
2022-10-13 00:00:00+00:00,00:00,C,London,32.81
2022-10-14 00:00:00+00:00,00:00,C,London,30.07
2022-10-15 00:00:00+00:00,00:00,C,London,22.64
2022-10-16 00:00:00+00:00,00:00,C,London,20.12
2022-10-17 00:00:00+00:00,00:00,C,London,21.14
2022-10-18 00:00:00+00:00,00:00,C,London,25.18
2022-10-19 00:00:00+00:00,00:00,C,London,14.89
2022-10-20 00:00:00+00:00,00:00,C,London,19.07
2022-10-21 00:00:00+00:00,00:00,C,London,19.47
2022-10-22 00:00:00+00:00,00:00,C,London,20.5
2022-10-23 00:00:00+00:00,00:00,C,London,17.71
2022-10-24 00:00:00+00:00,00:00,C,London,15.34
2022-10-25 00:00:00+00:00,00:00,C,London,17.2
2022-10-26 00:00:00+00:00,00:00,C,London,15.66
2022-10-27 00:00:00+00:00,00:00,C,London,17.07
2022-10-28 00:00:00+00:00,00:00,C,London,16.83
2022-10-29 00:00:00+00:00,00:00,C,London,18.15
2022-10-30 00:00:00+00:00,00:00,C,London,17.95
2022-10-31 00:00:00+00:00,00:00,C,London,20.68
2022-11-01 00:00:00+00:00,00:00,C,London,18.01
2022-11-02 00:00:00+00:00,00:00,C,London,15.83
2022-11-03 00:00:00+00:00,00:00,C,London,19.17
2022-11-04 00:00:00+00:00,00:00,C,London,27.29
2022-11-05 00:00:00+00:00,00:00,C,London,21.39
2022-11-06 00:00:00+00:00,00:00,C,London,19.99
2022-11-07 00:00:00+00:00,00:00,C,London,18.63
2022-11-08 00:00:00+00:00,00:00,C,London,17.4
2022-11-09 00:00:00+00:00,00:00,C,London,21.01
2022-11-10 00:00:00+00:00,00:00,C,London,17.72
2022-11-11 00:00:00+00:00,00:00,C,London,16.24
2022-11-12 00:00:00+00:00,00:00,C,London,20.72
2022-11-13 00:00:00+00:00,00:00,C,London,20.28
2022-11-14 00:00:00+00:00,00:00,C,London,25.42
2022-11-15 00:00:00+00:00,00:00,C,London,20.53
2022-11-16 00:00:00+00:00,00:00,C,London,23.05
2022-11-17 00:00:00+00:00,00:00,C,London,21.77
2022-11-18 00:00:00+00:00,00:00,C,London,20.96
2022-11-19 00:00:00+00:00,00:00,C,London,23.85
2022-11-20 00:00:00+00:00,00:00,C,London,21.82
2022-11-21 00:00:00+00:00,00:00,C,London,24.72
2022-11-22 00:00:00+00:00,00:00,C,London,29.25
2022-11-23 00:00:00+00:00,00:00,C,London,22.83
2022-11-24 00:00:00+00:00,00:00,C,London,22.42
2022-11-25 00:00:00+00:00,00:00,C,London,25.27
2022-11-26 00:00:00+00:00,00:00,C,London,25.56
2022-11-27 00:00:00+00:00,00:00,C,London,24.13
2022-11-28 00:00:00+00:00,00:00,C,London,46.71
2022-11-29 00:00:00+00:00,00:00,C,London,50.78
2022-11-30 00:00:00+00:00,00:00,C,London,48.47
2022-12-01 00:00:00+00:00,00:00,C,London,50.31
2022-12-02 00:00:00+00:00,00:00,C,London,47.77
2022-12-03 00:00:00+00:00,00:00,C,London,39.78
2022-12-04 00:00:00+00:00,00:00,C,London,39.8
2022-12-05 00:00:00+00:00,00:00,C,London,43.75
2022-12-06 00:00:00+00:00,00:00,C,London,46.63
2022-12-07 00:00:00+00:00,00:00,C,London,45.73
2022-12-08 00:00:00+00:00,00:00,C,London,52.68
2022-12-09 00:00:00+00:00,00:00,C,London,54.42
2022-12-10 00:00:00+00:00,00:00,C,London,46.44
2022-12-11 00:00:00+00:00,00:00,C,London,47.7
2022-12-12 00:00:00+00:00,00:00,C,London,78.49
2022-12-13 00:00:00+00:00,00:00,C,London,55.6
2022-12-14 00:00:00+00:00,00:00,C,London,52.28
2022-12-15 00:00:00+00:00,00:00,C,London,51.26
2022-12-16 00:00:00+00:00,00:00,C,London,52.91
2022-12-17 00:00:00+00:00,00:00,C,London,38.82
2022-12-18 00:00:00+00:00,00:00,C,London,34.39
2022-12-19 00:00:00+00:00,00:00,C,London,27.18
2022-12-20 00:00:00+00:00,00:00,C,London,30.62
2022-12-21 00:00:00+00:00,00:00,C,London,29.34
2022-12-22 00:00:00+00:00,00:00,C,London,33.04
2022-12-23 00:00:00+00:00,00:00,C,London,28.75
2022-12-24 00:00:00+00:00,00:00,C,London,20.76
2022-12-25 00:00:00+00:00,00:00,C,London,20.84
2022-12-26 00:00:00+00:00,00:00,C,London,16.57
2022-12-27 00:00:00+00:00,00:00,C,London,23.79
2022-12-28 00:00:00+00:00,00:00,C,London,20.32
2022-12-29 00:00:00+00:00,00:00,C,London,12.93
2022-12-30 00:00:00+00:00,00:00,C,London,17.34
2022-12-31 00:00:00+00:00,00:00,C,London,23.46
2023-01-01 00:00:00+00:00,00:00,C,London,18.81
2023-01-02 00:00:00+00:00,00:00,C,London,27.56
2023-01-03 00:00:00+00:00,00:00,C,London,24.93
2023-01-04 00:00:00+00:00,00:00,C,London,20.52
2023-01-05 00:00:00+00:00,00:00,C,London,23.1
2023-01-06 00:00:00+00:00,00:00,C,London,20.62
2023-01-07 00:00:00+00:00,00:00,C,London,20.25
2023-01-08 00:00:00+00:00,00:00,C,London,16.89
2023-01-09 00:00:00+00:00,00:00,C,London,22.21
2023-01-10 00:00:00+00:00,00:00,C,London,22.44
2023-01-11 00:00:00+00:00,00:00,C,London,19.45
2023-01-12 00:00:00+00:00,00:00,C,London,19.52
2023-01-13 00:00:00+00:00,00:00,C,London,19.59
2023-01-14 00:00:00+00:00,00:00,C,London,18.91
2023-01-15 00:00:00+00:00,00:00,C,London,19.06
2023-01-16 00:00:00+00:00,00:00,C,London,26.1
2023-01-17 00:00:00+00:00,00:00,C,London,26.71
2023-01-18 00:00:00+00:00,00:00,C,London,24.34
2023-01-19 00:00:00+00:00,00:00,C,London,26.46
2023-01-20 00:00:00+00:00,00:00,C,London,27.46
2023-01-21 00:00:00+00:00,00:00,C,London,25.22
2023-01-22 00:00:00+00:00,00:00,C,London,27.44
2023-01-23 00:00:00+00:00,00:00,C,London,30.6
2023-01-24 00:00:00+00:00,00:00,C,London,29.39
2023-01-25 00:00:00+00:00,00:00,C,London,26.87
2023-01-26 00:00:00+00:00,00:00,C,London,25.45
2023-01-27 00:00:00+00:00,00:00,C,London,26.89
2023-01-28 00:00:00+00:00,00:00,C,London,24.51
2023-01-29 00:00:00+00:00,00:00,C,London,24.49
2023-01-30 00:00:00+00:00,00:00,C,London,23.01
2023-01-31 00:00:00+00:00,00:00,C,London,23.53
2023-02-01 00:00:00+00:00,00:00,C,London,22.54
2023-02-02 00:00:00+00:00,00:00,C,London,23.32
2023-02-03 00:00:00+00:00,00:00,C,London,23.09
2023-02-04 00:00:00+00:00,00:00,C,London,24.46
2023-02-05 00:00:00+00:00,00:00,C,London,24.6
2023-02-06 00:00:00+00:00,00:00,C,London,26.71
2023-02-07 00:00:00+00:00,00:00,C,London,28.54
2023-02-08 00:00:00+00:00,00:00,C,London,25.34
2023-02-09 00:00:00+00:00,00:00,C,London,25.28
2023-02-10 00:00:00+00:00,00:00,C,London,24.7
2023-02-11 00:00:00+00:00,00:00,C,London,24.68
2023-02-12 00:00:00+00:00,00:00,C,London,24.43
2023-02-13 00:00:00+00:00,00:00,C,London,25.22
2023-02-14 00:00:00+00:00,00:00,C,London,24.72
2023-02-15 00:00:00+00:00,00:00,C,London,23.88
2023-02-16 00:00:00+00:00,00:00,C,London,24.78
2023-02-17 00:00:00+00:00,00:00,C,London,21.89
2023-02-18 00:00:00+00:00,00:00,C,London,21.5
2023-02-19 00:00:00+00:00,00:00,C,London,22.3
2023-02-20 00:00:00+00:00,00:00,C,London,21.02
2023-02-21 00:00:00+00:00,00:00,C,London,23.88
2023-02-22 00:00:00+00:00,00:00,C,London,24.01
2023-02-23 00:00:00+00:00,00:00,C,London,23.82
2023-02-24 00:00:00+00:00,00:00,C,London,23.32
2023-02-25 00:00:00+00:00,00:00,C,London,23.67
2023-02-26 00:00:00+00:00,00:00,C,London,23.46
2023-02-27 00:00:00+00:00,00:00,C,London,24.71
2023-02-28 00:00:00+00:00,00:00,C,London,24.52
2023-03-01 00:00:00+00:00,00:00,C,London,23.82
2023-03-02 00:00:00+00:00,00:00,C,London,24.31
2023-03-03 00:00:00+00:00,00:00,C,London,24.74
2023-03-04 00:00:00+00:00,00:00,C,London,23.29
2023-03-05 00:00:00+00:00,00:00,C,London,23.69
2023-03-06 00:00:00+00:00,00:00,C,London,24.27
2023-03-07 00:00:00+00:00,00:00,C,London,24.14
2023-03-08 00:00:00+00:00,00:00,C,London,23.66
2023-03-09 00:00:00+00:00,00:00,C,London,22.8
2023-03-10 00:00:00+00:00,00:00,C,London,21.67
2023-03-11 00:00:00+00:00,00:00,C,London,23.19
2023-03-12 00:00:00+00:00,00:00,C,London,21.28
2023-03-13 00:00:00+00:00,00:00,C,London,19.31
2023-03-14 00:00:00+00:00,00:00,C,London,21.61
2023-03-15 00:00:00+00:00,00:00,C,London,24.25
2023-03-16 00:00:00+00:00,00:00,C,London,21.8
2023-03-17 00:00:00+00:00,00:00,C,London,21.41
2023-03-18 00:00:00+00:00,00:00,C,London,21.51
2023-03-19 00:00:00+00:00,00:00,C,London,21.39
2023-03-20 00:00:00+00:00,00:00,C,London,20.8
2023-03-21 00:00:00+00:00,00:00,C,London,19.78
2023-03-22 00:00:00+00:00,00:00,C,London,17.02
2023-03-23 00:00:00+00:00,00:00,C,London,18.08
2023-03-24 00:00:00+00:00,00:00,C,London,18.21
2023-03-25 00:00:00+00:00,00:00,C,London,17.85
2023-03-26 00:00:00+00:00,00:00,C,London,20.4
2023-03-27 00:00:00+00:00,00:00,C,London,21.13
2023-03-28 00:00:00+00:00,00:00,C,London,21.21
2023-03-29 00:00:00+00:00,00:00,C,London,20.52
2023-03-30 00:00:00+00:00,00:00,C,London,20.25
2023-03-31 00:00:00+00:00,00:00,C,London,20.84
2023-04-01 00:00:00+00:00,00:00,C,London,19.89
2023-04-02 00:00:00+00:00,00:00,C,London,20.95
2023-04-03 00:00:00+00:00,00:00,C,London,21.28
2023-04-04 00:00:00+00:00,00:00,C,London,22.29
2023-04-05 00:00:00+00:00,00:00,C,London,22.75
2023-04-06 00:00:00+00:00,00:00,C,London,21.56
2023-04-07 00:00:00+00:00,00:00,C,London,20.7
2023-04-08 00:00:00+00:00,00:00,C,London,20.71
2023-04-09 00:00:00+00:00,00:00,C,London,18.91
2023-04-10 00:00:00+00:00,00:00,C,London,15.86
2023-04-11 00:00:00+00:00,00:00,C,London,17.36
2023-04-12 00:00:00+00:00,00:00,C,London,18.49
2023-04-13 00:00:00+00:00,00:00,C,London,19.69
2023-04-14 00:00:00+00:00,00:00,C,London,21.8
2023-04-15 00:00:00+00:00,00:00,C,London,19.64
2023-04-16 00:00:00+00:00,00:00,C,London,19.69
2023-04-17 00:00:00+00:00,00:00,C,London,20.79
2023-04-18 00:00:00+00:00,00:00,C,London,19.84
2023-04-19 00:00:00+00:00,00:00,C,London,19.51
2023-04-20 00:00:00+00:00,00:00,C,London,20.05
2023-04-21 00:00:00+00:00,00:00,C,London,19.74
2023-04-22 00:00:00+00:00,00:00,C,London,19.45
2023-04-23 00:00:00+00:00,00:00,C,London,20.04
2023-04-24 00:00:00+00:00,00:00,C,London,19.05
2023-04-25 00:00:00+00:00,00:00,C,London,20.01
2023-04-26 00:00:00+00:00,00:00,C,London,21.4
2023-04-27 00:00:00+00:00,00:00,C,London,19.31
2023-04-28 00:00:00+00:00,00:00,C,London,18.87
2023-04-29 00:00:00+00:00,00:00,C,London,19.19
2023-04-30 00:00:00+00:00,00:00,C,London,18.53
2023-05-01 00:00:00+00:00,00:00,C,London,18.01
2023-05-02 00:00:00+00:00,00:00,C,London,19.41
2023-05-03 00:00:00+00:00,00:00,C,London,18.71
2023-05-04 00:00:00+00:00,00:00,C,London,17.55
2023-05-05 00:00:00+00:00,00:00,C,London,18.02
2023-05-06 00:00:00+00:00,00:00,C,London,18.04
2023-05-07 00:00:00+00:00,00:00,C,London,17.92
2023-05-08 00:00:00+00:00,00:00,C,London,18.26
2023-05-09 00:00:00+00:00,00:00,C,London,18.82
2023-05-10 00:00:00+00:00,00:00,C,London,18.68
2023-05-11 00:00:00+00:00,00:00,C,London,19.39
2023-05-12 00:00:00+00:00,00:00,C,London,17.94
2023-05-13 00:00:00+00:00,00:00,C,London,17.63
2023-05-14 00:00:00+00:00,00:00,C,London,17.38
2023-05-15 00:00:00+00:00,00:00,C,London,17.41
2023-05-16 00:00:00+00:00,00:00,C,London,17.6
2023-05-17 00:00:00+00:00,00:00,C,London,17.5
2023-05-18 00:00:00+00:00,00:00,C,London,17.25
2023-05-19 00:00:00+00:00,00:00,C,London,17.47
2023-05-20 00:00:00+00:00,00:00,C,London,16.61
2023-05-21 00:00:00+00:00,00:00,C,London,16.54
2023-05-22 00:00:00+00:00,00:00,C,London,16.54
2023-05-23 00:00:00+00:00,00:00,C,London,16.4
2023-05-24 00:00:00+00:00,00:00,C,London,16.47
2023-05-25 00:00:00+00:00,00:00,C,London,16.38
2023-05-26 00:00:00+00:00,00:00,C,London,16.19
2023-05-27 00:00:00+00:00,00:00,C,London,14.68
2023-05-28 00:00:00+00:00,00:00,C,London,15.22
2023-05-29 00:00:00+00:00,00:00,C,London,15.49
2023-05-30 00:00:00+00:00,00:00,C,London,15.97
2023-05-31 00:00:00+00:00,00:00,C,London,15.68
2023-06-01 00:00:00+00:00,00:00,C,London,15.7
2023-06-02 00:00:00+00:00,00:00,C,London,15.94
2023-06-03 00:00:00+00:00,00:00,C,London,14.97
2023-06-04 00:00:00+00:00,00:00,C,London,14.73
2023-06-05 00:00:00+00:00,00:00,C,London,16.2
2023-06-06 00:00:00+00:00,00:00,C,London,16.44
2023-06-07 00:00:00+00:00,00:00,C,London,16.8
2023-06-08 00:00:00+00:00,00:00,C,London,15.76
2023-06-09 00:00:00+00:00,00:00,C,London,16.11
2023-06-10 00:00:00+00:00,00:00,C,London,14.82
2023-06-11 00:00:00+00:00,00:00,C,London,16.99
2023-06-12 00:00:00+00:00,00:00,C,London,18.75
2023-06-13 00:00:00+00:00,00:00,C,London,17.79
2023-06-14 00:00:00+00:00,00:00,C,London,17.76
2023-06-15 00:00:00+00:00,00:00,C,London,19.28
2023-06-16 00:00:00+00:00,00:00,C,London,20.61
2023-06-17 00:00:00+00:00,00:00,C,London,18.92
2023-06-18 00:00:00+00:00,00:00,C,London,18.21
2023-06-19 00:00:00+00:00,00:00,C,London,19.38
2023-06-20 00:00:00+00:00,00:00,C,London,20.02
2023-06-21 00:00:00+00:00,00:00,C,London,20.29
2023-06-22 00:00:00+00:00,00:00,C,London,20.66
2023-06-23 00:00:00+00:00,00:00,C,London,19.02
2023-06-24 00:00:00+00:00,00:00,C,London,17.57
2023-06-25 00:00:00+00:00,00:00,C,London,14.68
2023-06-25 23:00:00+00:00,00:00,C,London,17.5875
2023-06-26 00:00:00+00:00,00:00,C,London,17.59
2023-06-26 23:00:00+00:00,00:00,C,London,18.4695
2023-06-27 00:00:00+00:00,00:00,C,London,18.47
2023-06-27 23:00:00+00:00,00:00,C,London,19.215
2023-06-28 00:00:00+00:00,00:00,C,London,19.21
2023-06-28 23:00:00+00:00,00:00,C,London,19.0785
2023-06-29 00:00:00+00:00,00:00,C,London,19.08
2023-06-29 23:00:00+00:00,00:00,C,London,17.8605
2023-06-30 00:00:00+00:00,00:00,C,London,17.86
2023-06-30 23:00:00+00:00,00:00,C,London,12.8205
2023-07-01 00:00:00+00:00,00:00,C,London,12.82
2023-07-01 23:00:00+00:00,00:00,C,London,8.1375
2023-07-02 00:00:00+00:00,00:00,C,London,8.14
2023-07-02 23:00:00+00:00,00:00,C,London,15.5715
2023-07-03 00:00:00+00:00,00:00,C,London,15.57
2023-07-03 23:00:00+00:00,00:00,C,London,18.3855
2023-07-04 00:00:00+00:00,00:00,C,London,18.39
2023-07-04 23:00:00+00:00,00:00,C,London,17.787
2023-07-05 00:00:00+00:00,00:00,C,London,17.78
2023-07-05 23:00:00+00:00,00:00,C,London,18.375
2023-07-06 00:00:00+00:00,00:00,C,London,18.36
2023-07-06 23:00:00+00:00,00:00,C,London,17.262
2023-07-07 00:00:00+00:00,00:00,C,London,17.26
2023-07-07 23:00:00+00:00,00:00,C,London,15.7185
2023-07-08 00:00:00+00:00,00:00,C,London,15.72
2023-07-08 23:00:00+00:00,00:00,C,London,17.703
2023-07-09 00:00:00+00:00,00:00,C,London,17.7
2023-07-09 23:00:00+00:00,00:00,C,London,18.4905
2023-07-10 00:00:00+00:00,00:00,C,London,18.49
2023-07-10 23:00:00+00:00,00:00,C,London,18.102
2023-07-11 00:00:00+00:00,00:00,C,London,18.1
2023-07-11 23:00:00+00:00,00:00,C,London,17.01
2023-07-12 00:00:00+00:00,00:00,C,London,17.01
2023-07-12 23:00:00+00:00,00:00,C,London,17.514
2023-07-13 00:00:00+00:00,00:00,C,London,17.5
2023-07-13 23:00:00+00:00,00:00,C,London,16.1385
2023-07-14 00:00:00+00:00,00:00,C,London,16.14
2023-07-14 23:00:00+00:00,00:00,C,London,11.0985
2023-07-15 00:00:00+00:00,00:00,C,London,11.1
2023-07-15 23:00:00+00:00,00:00,C,London,7.8645
2023-07-16 00:00:00+00:00,00:00,C,London,7.86
2023-07-16 23:00:00+00:00,00:00,C,London,16.17
2023-07-17 00:00:00+00:00,00:00,C,London,16.17
2023-07-17 23:00:00+00:00,00:00,C,London,18.333
2023-07-18 00:00:00+00:00,00:00,C,London,18.33
2023-07-18 23:00:00+00:00,00:00,C,London,17.199
2023-07-19 00:00:00+00:00,00:00,C,London,17.2
2023-07-19 23:00:00+00:00,00:00,C,London,17.1045
2023-07-20 00:00:00+00:00,00:00,C,London,17.1
2023-07-20 23:00:00+00:00,00:00,C,London,16.7895
2023-07-21 00:00:00+00:00,00:00,C,London,16.79
2023-07-21 23:00:00+00:00,00:00,C,London,17.0625
2023-07-22 00:00:00+00:00,00:00,C,London,17.06
2023-07-22 23:00:00+00:00,00:00,C,London,14.6265
2023-07-23 00:00:00+00:00,00:00,C,London,14.63
2023-07-23 23:00:00+00:00,00:00,C,London,16.5585
2023-07-24 00:00:00+00:00,00:00,C,London,16.56
2023-07-24 23:00:00+00:00,00:00,C,London,17.3985
2023-07-25 00:00:00+00:00,00:00,C,London,17.4
2023-07-25 23:00:00+00:00,00:00,C,London,17.5455
2023-07-26 00:00:00+00:00,00:00,C,London,17.55
2023-07-26 23:00:00+00:00,00:00,C,London,17.829
2023-07-27 00:00:00+00:00,00:00,C,London,17.83
2023-07-27 23:00:00+00:00,00:00,C,London,17.052
2023-07-28 00:00:00+00:00,00:00,C,London,17.04
2023-07-28 23:00:00+00:00,00:00,C,London,15.4665
2023-07-29 00:00:00+00:00,00:00,C,London,15.47
2023-07-29 23:00:00+00:00,00:00,C,London,11.5185
2023-07-30 00:00:00+00:00,00:00,C,London,11.52
2023-07-30 23:00:00+00:00,00:00,C,London,15.477
2023-07-31 00:00:00+00:00,00:00,C,London,15.48
2023-07-31 23:00:00+00:00,00:00,C,London,16.3695
2023-08-01 00:00:00+00:00,00:00,C,London,16.37
2023-08-01 23:00:00+00:00,00:00,C,London,15.813
2023-08-02 00:00:00+00:00,00:00,C,London,15.81
2023-08-02 23:00:00+00:00,00:00,C,London,14.5215
2023-08-03 00:00:00+00:00,00:00,C,London,14.52
2023-08-03 23:00:00+00:00,00:00,C,London,17.0415
2023-08-04 00:00:00+00:00,00:00,C,London,17.04
2023-08-04 23:00:00+00:00,00:00,C,London,16.8315
2023-08-05 00:00:00+00:00,00:00,C,London,16.83
2023-08-05 23:00:00+00:00,00:00,C,London,14.931
2023-08-06 00:00:00+00:00,00:00,C,London,14.93
2023-08-06 23:00:00+00:00,00:00,C,London,16.086
2023-08-07 00:00:00+00:00,00:00,C,London,16.09
2023-08-07 23:00:00+00:00,00:00,C,London,16.212
2023-08-08 00:00:00+00:00,00:00,C,London,16.21
2023-08-08 23:00:00+00:00,00:00,C,London,16.8105
2023-08-09 00:00:00+00:00,00:00,C,London,16.81
2023-08-09 23:00:00+00:00,00:00,C,London,17.2095
2023-08-10 00:00:00+00:00,00:00,C,London,17.21
2023-08-10 23:00:00+00:00,00:00,C,London,17.346
2023-08-11 00:00:00+00:00,00:00,C,London,17.35
2023-08-11 23:00:00+00:00,00:00,C,London,15.3825
2023-08-12 00:00:00+00:00,00:00,C,London,15.38
2023-08-12 23:00:00+00:00,00:00,C,London,16.2645
2023-08-13 00:00:00+00:00,00:00,C,London,16.26
2023-08-13 23:00:00+00:00,00:00,C,London,17.577
2023-08-14 00:00:00+00:00,00:00,C,London,17.58
2023-08-14 23:00:00+00:00,00:00,C,London,17.514
2023-08-15 00:00:00+00:00,00:00,C,London,17.51
2023-08-15 23:00:00+00:00,00:00,C,London,18.459
2023-08-16 00:00:00+00:00,00:00,C,London,18.45
2023-08-16 23:00:00+00:00,00:00,C,London,17.6925
2023-08-17 00:00:00+00:00,00:00,C,London,17.69
2023-08-17 23:00:00+00:00,00:00,C,London,17.367
2023-08-18 00:00:00+00:00,00:00,C,London,17.37
2023-08-18 23:00:00+00:00,00:00,C,London,13.566
2023-08-19 00:00:00+00:00,00:00,C,London,13.57
2023-08-19 23:00:00+00:00,00:00,C,London,17.556
2023-08-20 00:00:00+00:00,00:00,C,London,17.56
2023-08-20 23:00:00+00:00,00:00,C,London,18.291
2023-08-21 00:00:00+00:00,00:00,C,London,18.29
2023-08-21 23:00:00+00:00,00:00,C,London,18.6165
2023-08-22 00:00:00+00:00,00:00,C,London,18.62
2023-08-22 23:00:00+00:00,00:00,C,London,21.315
2023-08-23 00:00:00+00:00,00:00,C,London,21.32
2023-08-23 23:00:00+00:00,00:00,C,London,21.9765
2023-08-24 00:00:00+00:00,00:00,C,London,21.98
2023-08-24 23:00:00+00:00,00:00,C,London,19.089
2023-08-25 00:00:00+00:00,00:00,C,London,19.09
2023-08-25 23:00:00+00:00,00:00,C,London,17.7765
2023-08-26 00:00:00+00:00,00:00,C,London,17.77
2023-08-26 23:00:00+00:00,00:00,C,London,17.766
2023-08-27 00:00:00+00:00,00:00,C,London,17.77
2023-08-27 23:00:00+00:00,00:00,C,London,18.417
2023-08-28 00:00:00+00:00,00:00,C,London,18.42
2023-08-28 23:00:00+00:00,00:00,C,London,18.774
2023-08-29 00:00:00+00:00,00:00,C,London,18.77
2023-08-29 23:00:00+00:00,00:00,C,London,18.669
2023-08-30 00:00:00+00:00,00:00,C,London,18.67
2023-08-30 23:00:00+00:00,00:00,C,London,18.3435
2023-08-31 00:00:00+00:00,00:00,C,London,18.34
2023-08-31 23:00:00+00:00,00:00,C,London,18.564
2023-09-01 00:00:00+00:00,00:00,C,London,18.56
2023-09-01 23:00:00+00:00,00:00,C,London,17.5665
2023-09-02 00:00:00+00:00,00:00,C,London,17.57
2023-09-02 23:00:00+00:00,00:00,C,London,17.6085
2023-09-03 00:00:00+00:00,00:00,C,London,17.61
2023-09-03 23:00:00+00:00,00:00,C,London,18.0915
2023-09-04 00:00:00+00:00,00:00,C,London,18.09
2023-09-04 23:00:00+00:00,00:00,C,London,17.661
2023-09-05 00:00:00+00:00,00:00,C,London,17.66
2023-09-05 23:00:00+00:00,00:00,C,London,17.85
2023-09-06 00:00:00+00:00,00:00,C,London,17.85
2023-09-06 23:00:00+00:00,00:00,C,London,18.186
2023-09-07 00:00:00+00:00,00:00,C,London,18.19
2023-09-07 23:00:00+00:00,00:00,C,London,18.417
2023-09-08 00:00:00+00:00,00:00,C,London,18.42
2023-09-08 23:00:00+00:00,00:00,C,London,17.5455
2023-09-09 00:00:00+00:00,00:00,C,London,17.55
2023-09-09 23:00:00+00:00,00:00,C,London,17.7345
2023-09-10 00:00:00+00:00,00:00,C,London,17.73
2023-09-10 23:00:00+00:00,00:00,C,London,19.74
2023-09-11 00:00:00+00:00,00:00,C,London,19.73
2023-09-11 23:00:00+00:00,00:00,C,London,19.11
2023-09-12 00:00:00+00:00,00:00,C,London,19.11
2023-09-12 23:00:00+00:00,00:00,C,London,18.291
2023-09-13 00:00:00+00:00,00:00,C,London,18.29
2023-09-13 23:00:00+00:00,00:00,C,London,18.228
2023-09-14 00:00:00+00:00,00:00,C,London,18.23
2023-09-14 23:00:00+00:00,00:00,C,London,18.3855
2023-09-15 00:00:00+00:00,00:00,C,London,18.39
2023-09-15 23:00:00+00:00,00:00,C,London,17.4615
2023-09-16 00:00:00+00:00,00:00,C,London,17.46
2023-09-16 23:00:00+00:00,00:00,C,London,17.6715
2023-09-17 00:00:00+00:00,00:00,C,London,17.67
2023-09-17 23:00:00+00:00,00:00,C,London,17.22
2023-09-18 00:00:00+00:00,00:00,C,London,17.22
2023-09-18 23:00:00+00:00,00:00,C,London,14.322
2023-09-19 00:00:00+00:00,00:00,C,London,14.32
2023-09-19 23:00:00+00:00,00:00,C,London,13.7655
2023-09-20 00:00:00+00:00,00:00,C,London,13.77
2023-09-20 23:00:00+00:00,00:00,C,London,17.5035
2023-09-21 00:00:00+00:00,00:00,C,London,17.49
2023-09-21 23:00:00+00:00,00:00,C,London,18.207
2023-09-22 00:00:00+00:00,00:00,C,London,18.21
2023-09-22 23:00:00+00:00,00:00,C,London,18.69
2023-09-23 00:00:00+00:00,00:00,C,London,18.69
2023-09-23 23:00:00+00:00,00:00,C,London,12.9465
2023-09-24 00:00:00+00:00,00:00,C,London,12.95
2023-09-24 23:00:00+00:00,00:00,C,London,15.3825
2023-09-25 00:00:00+00:00,00:00,C,London,15.38
2023-09-25 23:00:00+00:00,00:00,C,London,18.669
2023-09-26 00:00:00+00:00,00:00,C,London,18.67
2023-09-26 23:00:00+00:00,00:00,C,London,18.6585
2023-09-27 00:00:00+00:00,00:00,C,London,18.65
2023-09-27 23:00:00+00:00,00:00,C,London,14.889
2023-09-28 00:00:00+00:00,00:00,C,London,14.89
2023-09-28 23:00:00+00:00,00:00,C,London,16.926
2023-09-29 00:00:00+00:00,00:00,C,London,16.93
2023-09-29 23:00:00+00:00,00:00,C,London,18.3855
2023-09-30 00:00:00+00:00,00:00,C,London,18.39
2023-09-30 23:00:00+00:00,00:00,C,London,16.5375
2023-10-01 00:00:00+00:00,00:00,C,London,16.54
2023-10-01 23:00:00+00:00,00:00,C,London,18.8895
2023-10-02 00:00:00+00:00,00:00,C,London,18.88
2023-10-02 23:00:00+00:00,00:00,C,London,15.015
2023-10-03 23:00:00+00:00,00:00,C,London,15.0255
2023-10-04 23:00:00+00:00,00:00,C,London,16.422
2023-10-05 23:00:00+00:00,00:00,C,London,14.574
2023-10-06 23:00:00+00:00,00:00,C,London,13.5555
2023-10-07 23:00:00+00:00,00:00,C,London,17.262
2023-10-08 23:00:00+00:00,00:00,C,London,19.257
2023-10-09 23:00:00+00:00,00:00,C,London,17.577
2023-10-10 23:00:00+00:00,00:00,C,London,16.1595
2023-10-11 23:00:00+00:00,00:00,C,London,20.9265
2023-10-12 23:00:00+00:00,00:00,C,London,16.6425
2023-10-13 23:00:00+00:00,00:00,C,London,11.361
2023-10-14 23:00:00+00:00,00:00,C,London,16.4325
2023-10-15 23:00:00+00:00,00:00,C,London,23.4465
2023-10-16 23:00:00+00:00,00:00,C,London,21.1575
2023-10-17 23:00:00+00:00,00:00,C,London,15.204
2023-10-18 23:00:00+00:00,00:00,C,London,16.338
2023-10-19 23:00:00+00:00,00:00,C,London,16.296
2023-10-20 23:00:00+00:00,00:00,C,London,17.178
2023-10-21 23:00:00+00:00,00:00,C,London,18.7215
2023-10-22 23:00:00+00:00,00:00,C,London,20.706
2023-10-23 23:00:00+00:00,00:00,C,London,20.013
2023-10-24 23:00:00+00:00,00:00,C,London,21.3465
2023-10-25 23:00:00+00:00,00:00,C,London,20.9265
2023-10-26 23:00:00+00:00,00:00,C,London,20.3175
2023-10-27 23:00:00+00:00,00:00,C,London,16.6845
2023-10-28 23:00:00+00:00,00:00,C,London,12.9885
2023-10-30 00:00:00+00:00,00:00,C,London,18.627
2023-10-31 00:00:00+00:00,00:00,C,London,20.5065
2023-11-01 00:00:00+00:00,00:00,C,London,17.157
2023-11-02 00:00:00+00:00,00:00,C,London,15.7185
2023-11-03 00:00:00+00:00,00:00,C,London,15.8025
2023-11-04 00:00:00+00:00,00:00,C,London,18.9105
2023-11-05 00:00:00+00:00,00:00,C,London,18.7005
2023-11-06 00:00:00+00:00,00:00,C,London,19.047
2023-11-07 00:00:00+00:00,00:00,C,London,17.913
2023-11-08 00:00:00+00:00,00:00,C,London,18.354
2023-11-09 00:00:00+00:00,00:00,C,London,19.215
2023-11-10 00:00:00+00:00,00:00,C,London,19.257
2023-11-11 00:00:00+00:00,00:00,C,London,18.7635
2023-11-12 00:00:00+00:00,00:00,C,London,19.11
2023-11-13 00:00:00+00:00,00:00,C,London,17.43
2023-11-14 00:00:00+00:00,00:00,C,London,17.493
2023-11-15 00:00:00+00:00,00:00,C,London,17.7555
2023-11-16 00:00:00+00:00,00:00,C,London,21.1365
2023-11-17 00:00:00+00:00,00:00,C,London,20.937
2023-11-18 00:00:00+00:00,00:00,C,London,17.8815
2023-11-19 00:00:00+00:00,00:00,C,London,15.2145
2023-11-20 00:00:00+00:00,00:00,C,London,19.0365
2023-11-21 00:00:00+00:00,00:00,C,London,20.2545
2023-11-22 00:00:00+00:00,00:00,C,London,19.257
2023-11-23 00:00:00+00:00,00:00,C,London,16.611
2023-11-24 00:00:00+00:00,00:00,C,London,17.556
2023-11-25 00:00:00+00:00,00:00,C,London,20.475
2023-11-26 00:00:00+00:00,00:00,C,London,20.9055
2023-11-27 00:00:00+00:00,00:00,C,London,20.559
2023-11-28 00:00:00+00:00,00:00,C,London,21.147
2023-11-29 00:00:00+00:00,00:00,C,London,26.6595
2023-11-30 00:00:00+00:00,00:00,C,London,28.8855
2023-12-01 00:00:00+00:00,00:00,C,London,28.77
2023-12-02 00:00:00+00:00,00:00,C,London,24.906
2023-12-03 00:00:00+00:00,00:00,C,London,23.604
2023-12-04 00:00:00+00:00,00:00,C,London,23.646
2023-12-05 00:00:00+00:00,00:00,C,London,23.7615
2023-12-06 00:00:00+00:00,00:00,C,London,24.948
2023-12-07 00:00:00+00:00,00:00,C,London,22.071
2023-12-08 00:00:00+00:00,00:00,C,London,22.1235
2023-12-09 00:00:00+00:00,00:00,C,London,20.9265
2023-12-10 00:00:00+00:00,00:00,C,London,19.4985
2023-12-11 00:00:00+00:00,00:00,C,London,21.609
2023-12-12 00:00:00+00:00,00:00,C,London,21.546
2023-12-13 00:00:00+00:00,00:00,C,London,21.2835
2023-12-14 00:00:00+00:00,00:00,C,London,21.4515
2023-12-15 00:00:00+00:00,00:00,C,London,20.79
2023-12-16 00:00:00+00:00,00:00,C,London,18.9945
2023-12-17 00:00:00+00:00,00:00,C,London,16.905
2023-12-18 00:00:00+00:00,00:00,C,London,19.6035
2023-12-19 00:00:00+00:00,00:00,C,London,19.467
2023-12-20 00:00:00+00:00,00:00,C,London,18.249
2023-12-21 00:00:00+00:00,00:00,C,London,16.4115
2023-12-22 00:00:00+00:00,00:00,C,London,15.6975
2023-12-23 00:00:00+00:00,00:00,C,London,14.343
2023-12-24 00:00:00+00:00,00:00,C,London,11.7075
2023-12-25 00:00:00+00:00,00:00,C,London,14.2905
2023-12-26 00:00:00+00:00,00:00,C,London,17.3985
2023-12-27 00:00:00+00:00,00:00,C,London,18.333
2023-12-28 00:00:00+00:00,00:00,C,London,15.225
2023-12-29 00:00:00+00:00,00:00,C,London,16.002
2023-12-30 00:00:00+00:00,00:00,C,London,19.1625
2023-12-31 00:00:00+00:00,00:00,C,London,18.6165
2024-01-01 00:00:00+00:00,00:00,C,London,16.4955
2024-01-02 00:00:00+00:00,00:00,C,London,17.64
2024-01-03 00:00:00+00:00,00:00,C,London,19.929
2024-01-04 00:00:00+00:00,00:00,C,London,21.042
2024-01-05 00:00:00+00:00,00:00,C,London,21.441
2024-01-06 00:00:00+00:00,00:00,C,London,21.357
2024-01-07 00:00:00+00:00,00:00,C,London,21.4305
2024-01-08 00:00:00+00:00,00:00,C,London,22.1655
2024-01-09 00:00:00+00:00,00:00,C,London,22.2915
2024-01-10 00:00:00+00:00,00:00,C,London,22.617
2024-01-11 00:00:00+00:00,00:00,C,London,22.3335
2024-01-12 00:00:00+00:00,00:00,C,London,22.0395
2024-01-13 00:00:00+00:00,00:00,C,London,20.6745
2024-01-14 00:00:00+00:00,00:00,C,London,20.37
2024-01-15 00:00:00+00:00,00:00,C,London,20.8005
2024-01-16 00:00:00+00:00,00:00,C,London,21.5565
2024-01-17 00:00:00+00:00,00:00,C,London,21.945
2024-01-18 00:00:00+00:00,00:00,C,London,20.391
2024-01-19 00:00:00+00:00,00:00,C,London,19.8135
2024-01-20 00:00:00+00:00,00:00,C,London,19.362
2024-01-21 00:00:00+00:00,00:00,C,London,18.438
2024-01-22 00:00:00+00:00,00:00,C,London,17.9235
2024-01-23 00:00:00+00:00,00:00,C,London,18.4485
2024-01-24 00:00:00+00:00,00:00,C,London,17.283
2024-01-25 00:00:00+00:00,00:00,C,London,19.509
2024-01-26 00:00:00+00:00,00:00,C,London,18.5535
2024-01-27 00:00:00+00:00,00:00,C,London,18.7005
2024-01-28 00:00:00+00:00,00:00,C,London,17.64
2024-01-29 00:00:00+00:00,00:00,C,London,19.95
2024-01-30 00:00:00+00:00,00:00,C,London,19.7505
2024-01-31 00:00:00+00:00,00:00,C,London,19.0155
2024-02-01 00:00:00+00:00,00:00,C,London,19.1205
2024-02-02 00:00:00+00:00,00:00,C,London,18.354
2024-02-03 00:00:00+00:00,00:00,C,London,16.4745
2024-02-04 00:00:00+00:00,00:00,C,London,14.784
2024-02-05 00:00:00+00:00,00:00,C,London,17.4615
2024-02-06 00:00:00+00:00,00:00,C,London,18.0705
2024-02-07 00:00:00+00:00,00:00,C,London,20.454
2024-02-08 00:00:00+00:00,00:00,C,London,19.7715
2024-02-09 00:00:00+00:00,00:00,C,London,18.585
2024-02-10 00:00:00+00:00,00:00,C,London,19.656
2024-02-11 00:00:00+00:00,00:00,C,London,19.698
2024-02-12 00:00:00+00:00,00:00,C,London,19.152
2024-02-13 00:00:00+00:00,00:00,C,London,19.1205
2024-02-14 00:00:00+00:00,00:00,C,London,19.131
2024-02-15 00:00:00+00:00,00:00,C,London,18.7635
2024-02-16 00:00:00+00:00,00:00,C,London,18.69
2024-02-17 00:00:00+00:00,00:00,C,London,18.5745
2024-02-18 00:00:00+00:00,00:00,C,London,18.1335
2024-02-19 00:00:00+00:00,00:00,C,London,18.2175
2024-02-20 00:00:00+00:00,00:00,C,London,18.1965
2024-02-21 00:00:00+00:00,00:00,C,London,17.6505
2024-02-22 00:00:00+00:00,00:00,C,London,17.6925
2024-02-23 00:00:00+00:00,00:00,C,London,18.228
2024-02-24 00:00:00+00:00,00:00,C,London,18.48
2024-02-25 00:00:00+00:00,00:00,C,London,18.7005
2024-02-26 00:00:00+00:00,00:00,C,London,18.3645
2024-02-27 00:00:00+00:00,00:00,C,London,18.6795
2024-02-28 00:00:00+00:00,00:00,C,London,18.4905
2024-02-29 00:00:00+00:00,00:00,C,London,18.3855
2024-03-01 00:00:00+00:00,00:00,C,London,18.942
2024-03-02 00:00:00+00:00,00:00,C,London,19.089
2024-03-03 00:00:00+00:00,00:00,C,London,19.383
2024-03-04 00:00:00+00:00,00:00,C,London,19.4145
2024-03-05 00:00:00+00:00,00:00,C,London,19.089
2024-03-06 00:00:00+00:00,00:00,C,London,19.8765
2024-03-07 00:00:00+00:00,00:00,C,London,19.614
2024-03-08 00:00:00+00:00,00:00,C,London,18.7425
2024-03-09 00:00:00+00:00,00:00,C,London,17.241
2024-03-10 00:00:00+00:00,00:00,C,London,17.829
2024-03-11 00:00:00+00:00,00:00,C,London,19.6875
2024-03-12 00:00:00+00:00,00:00,C,London,19.3095
